lam,cbar,J,k1,k2,k3,k4,k5,Bi
0.0,1.0,0.7341668764314656,1.0,1.0,1.0,1.0,1.0,0.01
0.005,1.0,0.7341668764314656,1.0,1.0,1.0,1.0,1.0,0.01
0.01,0.9875538109840785,0.7340496740460533,1.0,1.0,1.0,1.0,0.9377690549203922,0.01
0.02,0.8298310990631161,0.7316824726427527,1.0,1.0,0.8076611722910559,0.6961737484331373,0.6453205745913881,0.01
0.03,0.6838295676610178,0.728080002044751,0.9718900843272267,0.7504382627667545,0.6254085341529332,0.553320280152495,0.5180906769056797,0.01
0.05,0.49035371523795457,0.7206346385675478,0.6524692854024979,0.5323543953370882,0.45922774938049105,0.4146959579300436,0.3930211881396517,0.01
0.08,0.36783173100673155,0.7129140494660309,0.4706694035912261,0.3962614599161848,0.34874984656162644,0.31890891586840375,0.30456902909621675,0.01
0.12,0.2894769637010012,0.705253402882828,0.36215637710657844,0.3106278811850546,0.27638214401331584,0.2545079898741007,0.2437104263259563,0.01
0.18,0.22831253552068898,0.6962769560719034,0.28156734587249005,0.24412490694524502,0.21893009937711294,0.20257598107101793,0.1943643443375789,0.01
0.25,0.188559977168671,0.6878483310851382,0.23082046969475428,0.20149767558449855,0.18106357603450446,0.16801782043696234,0.16140034409263532,0.01
0.35,0.15519528484288517,0.6779788385057398,0.18908447149575883,0.16299729677698718,0.1454690274986923,0.13754152433311428,0.1408841041098732,0.01
0.5,0.12267958953852327,0.6641485278478879,0.15174415898206695,0.1333749122453846,0.12058228148436922,0.1,0.10769659498079548,0.01
